{"polyfill":["/polyfill-3d2d61991ee6e37e36f7.js"],"app":["/app-465843686fb15ad7491d.js"],"component---src-layouts-post-js":["/component---src-layouts-post-js-ab514d07c125996e8a4c.js"],"component---src-pages-404-js":["/component---src-pages-404-js-f0237fa05f258c3b297e.js"],"component---src-pages-about-js":["/component---src-pages-about-js-7116db9a4170c7c1194b.js"],"component---src-pages-activity-js":["/component---src-pages-activity-js-0495b1f794243bd1eb4f.js"],"component---src-pages-blog-js":["/component---src-pages-blog-js-e2b1a3ca6812b791ad2f.js"],"component---src-pages-contact-js":["/component---src-pages-contact-js-f617f329d92bbacc2f25.js"],"component---src-pages-contact-old-js":["/component---src-pages-contact-old-js-86394fea3802695cd3ef.js"],"component---src-pages-index-js":["/component---src-pages-index-js-1b00e60098125e6247b9.js"],"component---src-pages-wladze-js":["/component---src-pages-wladze-js-c3824471ed0d75cd6fc1.js"]}