{"errors":[],"warnings":[],"namedChunkGroups":{"polyfill":{"chunks":[2,14],"assets":["webpack-runtime-35202938bde42ae4e09d.js","webpack-runtime-35202938bde42ae4e09d.js.map","polyfill-3d2d61991ee6e37e36f7.js","polyfill-3d2d61991ee6e37e36f7.js.map"],"children":{},"childAssets":{}},"app":{"chunks":[2,1,13,3],"assets":["webpack-runtime-35202938bde42ae4e09d.js","webpack-runtime-35202938bde42ae4e09d.js.map","styles.da59a45021bd9db4b29e.css","styles-e9d24b1846c7d6eb9685.js","styles-e9d24b1846c7d6eb9685.js.map","framework-29ba174b433dc5858bed.js","framework-29ba174b433dc5858bed.js.map","app-465843686fb15ad7491d.js","app-465843686fb15ad7491d.js.map"],"children":{},"childAssets":{}},"component---src-layouts-post-js":{"chunks":[0,4],"assets":["2529fc2a813cc98ec69989d3871ec63de2dafe5d-20ddad13547dc05ee1e2.js","2529fc2a813cc98ec69989d3871ec63de2dafe5d-20ddad13547dc05ee1e2.js.map","component---src-layouts-post-js-ab514d07c125996e8a4c.js","component---src-layouts-post-js-ab514d07c125996e8a4c.js.map"],"children":{},"childAssets":{}},"component---src-pages-404-js":{"chunks":[5],"assets":["component---src-pages-404-js-f0237fa05f258c3b297e.js","component---src-pages-404-js-f0237fa05f258c3b297e.js.map"],"children":{},"childAssets":{}},"component---src-pages-about-js":{"chunks":[0,6],"assets":["2529fc2a813cc98ec69989d3871ec63de2dafe5d-20ddad13547dc05ee1e2.js","2529fc2a813cc98ec69989d3871ec63de2dafe5d-20ddad13547dc05ee1e2.js.map","component---src-pages-about-js-7116db9a4170c7c1194b.js","component---src-pages-about-js-7116db9a4170c7c1194b.js.map"],"children":{},"childAssets":{}},"component---src-pages-activity-js":{"chunks":[1,0,7],"assets":["styles.da59a45021bd9db4b29e.css","styles-e9d24b1846c7d6eb9685.js","styles-e9d24b1846c7d6eb9685.js.map","2529fc2a813cc98ec69989d3871ec63de2dafe5d-20ddad13547dc05ee1e2.js","2529fc2a813cc98ec69989d3871ec63de2dafe5d-20ddad13547dc05ee1e2.js.map","component---src-pages-activity-js-0495b1f794243bd1eb4f.js","component---src-pages-activity-js-0495b1f794243bd1eb4f.js.map"],"children":{},"childAssets":{}},"component---src-pages-blog-js":{"chunks":[0,8],"assets":["2529fc2a813cc98ec69989d3871ec63de2dafe5d-20ddad13547dc05ee1e2.js","2529fc2a813cc98ec69989d3871ec63de2dafe5d-20ddad13547dc05ee1e2.js.map","component---src-pages-blog-js-e2b1a3ca6812b791ad2f.js","component---src-pages-blog-js-e2b1a3ca6812b791ad2f.js.map"],"children":{},"childAssets":{}},"component---src-pages-contact-js":{"chunks":[0,9],"assets":["2529fc2a813cc98ec69989d3871ec63de2dafe5d-20ddad13547dc05ee1e2.js","2529fc2a813cc98ec69989d3871ec63de2dafe5d-20ddad13547dc05ee1e2.js.map","component---src-pages-contact-js-f617f329d92bbacc2f25.js","component---src-pages-contact-js-f617f329d92bbacc2f25.js.map"],"children":{},"childAssets":{}},"component---src-pages-contact-old-js":{"chunks":[10],"assets":["component---src-pages-contact-old-js-86394fea3802695cd3ef.js","component---src-pages-contact-old-js-86394fea3802695cd3ef.js.map"],"children":{},"childAssets":{}},"component---src-pages-index-js":{"chunks":[0,11],"assets":["2529fc2a813cc98ec69989d3871ec63de2dafe5d-20ddad13547dc05ee1e2.js","2529fc2a813cc98ec69989d3871ec63de2dafe5d-20ddad13547dc05ee1e2.js.map","component---src-pages-index-js-1b00e60098125e6247b9.js","component---src-pages-index-js-1b00e60098125e6247b9.js.map"],"children":{},"childAssets":{}},"component---src-pages-wladze-js":{"chunks":[0,12],"assets":["2529fc2a813cc98ec69989d3871ec63de2dafe5d-20ddad13547dc05ee1e2.js","2529fc2a813cc98ec69989d3871ec63de2dafe5d-20ddad13547dc05ee1e2.js.map","component---src-pages-wladze-js-c3824471ed0d75cd6fc1.js","component---src-pages-wladze-js-c3824471ed0d75cd6fc1.js.map"],"children":{},"childAssets":{}}},"assetsByChunkName":{"polyfill":["webpack-runtime-35202938bde42ae4e09d.js","polyfill-3d2d61991ee6e37e36f7.js"],"app":["webpack-runtime-35202938bde42ae4e09d.js","styles.da59a45021bd9db4b29e.css","styles-e9d24b1846c7d6eb9685.js","framework-29ba174b433dc5858bed.js","app-465843686fb15ad7491d.js"],"component---src-layouts-post-js":["2529fc2a813cc98ec69989d3871ec63de2dafe5d-20ddad13547dc05ee1e2.js","component---src-layouts-post-js-ab514d07c125996e8a4c.js"],"component---src-pages-404-js":["component---src-pages-404-js-f0237fa05f258c3b297e.js"],"component---src-pages-about-js":["2529fc2a813cc98ec69989d3871ec63de2dafe5d-20ddad13547dc05ee1e2.js","component---src-pages-about-js-7116db9a4170c7c1194b.js"],"component---src-pages-activity-js":["styles.da59a45021bd9db4b29e.css","styles-e9d24b1846c7d6eb9685.js","2529fc2a813cc98ec69989d3871ec63de2dafe5d-20ddad13547dc05ee1e2.js","component---src-pages-activity-js-0495b1f794243bd1eb4f.js"],"component---src-pages-blog-js":["2529fc2a813cc98ec69989d3871ec63de2dafe5d-20ddad13547dc05ee1e2.js","component---src-pages-blog-js-e2b1a3ca6812b791ad2f.js"],"component---src-pages-contact-js":["2529fc2a813cc98ec69989d3871ec63de2dafe5d-20ddad13547dc05ee1e2.js","component---src-pages-contact-js-f617f329d92bbacc2f25.js"],"component---src-pages-contact-old-js":["component---src-pages-contact-old-js-86394fea3802695cd3ef.js"],"component---src-pages-index-js":["2529fc2a813cc98ec69989d3871ec63de2dafe5d-20ddad13547dc05ee1e2.js","component---src-pages-index-js-1b00e60098125e6247b9.js"],"component---src-pages-wladze-js":["2529fc2a813cc98ec69989d3871ec63de2dafe5d-20ddad13547dc05ee1e2.js","component---src-pages-wladze-js-c3824471ed0d75cd6fc1.js"]}}